

INSERT INTO tbl_cargo (id, car_nombre, car_descripcion) VALUES (1,'Docente',NULL),(2,'Desarrollador web',NULL),(3,'director comercial',NULL),(4,'ingeniero de desarrollo',NULL),(5,'gerente',NULL),(6,'asistente personal',NULL);
INSERT INTO tbl_nivel (id, niv_nombre, niv_descripcion) VALUES (1,'operativo',NULL),(2,'táctico',NULL);
INSERT INTO tbl_organizacion (id, org_nombre, org_descripcion, org_sitio_web) VALUES (1,'Unipanamericana','Intitución universitaria panamericana','http://www.unipanamericana.edu.co');
INSERT INTO tbl_departamento (id, dep_nombre, dep_descripcion) VALUES (1,'Tecnología',NULL),(2,'gerencia general',NULL),(3,'producción',NULL);

INSERT INTO tbl_usuario (id, usu_cedula, usu_nombre, usu_apellido, usu_fecha_creacion, usu_log, usu_password, usu_estado, cargo_id, departamento_id, organizacion_id, nivel_id) VALUES (3,'13467945','David Arturo','López','2013-11-17 18:03:23','davidlopez@unipanamericana.edu.co','14a8dc6c9e4b8f6e3228576bec334cb78179668e',1,2,1,1,NULL),(4,'1345678954','Edwin Ferney','Moreno','2013-11-17 18:04:21','efmoreno@unipanamericana.edu.co','14a8dc6c9e4b8f6e3228576bec334cb78179668e',1,2,1,1,NULL),(5,'13456789','Christian','Acosta','2013-11-17 18:20:59','christianacosta@unipanamericana.edu.co','14a8dc6c9e4b8f6e3228576bec334cb78179668e',1,1,1,1,NULL),(6,'2731092','Chase','Fitzgerald',NULL,'aliquet.libero.Integer@Suspendisse.edu','14a8dc6c9e4b8f6e3228576bec334cb78179668e',NULL,3,2,1,1),(7,'4845277','Tanner','Amir',NULL,'egestas@lectusa.com','14a8dc6c9e4b8f6e3228576bec334cb78179668e',NULL,4,3,1,1),(8,'9392233','Vance','Laith',NULL,'nibh.Quisque.nonummy@adipiscingelit.edu','14a8dc6c9e4b8f6e3228576bec334cb78179668e',NULL,4,3,1,1),(9,'8678762','Trevor','Rudyard',NULL,'ante@odio.edu','14a8dc6c9e4b8f6e3228576bec334cb78179668e',NULL,4,3,1,1),(10,'1439468','Wade','Jakeem',NULL,'ac@Phasellusvitae.org','14a8dc6c9e4b8f6e3228576bec334cb78179668e',NULL,4,3,1,1),(11,'6418299','Leo','Hamilton',NULL,'parturient.montes.nascetur@egetmetus.ca','14a8dc6c9e4b8f6e3228576bec334cb78179668e',NULL,4,2,1,1),(12,'1254490','Samuel','Thomas',NULL,'Quisque@Maurisblanditenim.com','14a8dc6c9e4b8f6e3228576bec334cb78179668e',NULL,4,NULL,1,1),(13,'8811005','Jonas','Sean',NULL,'ac.ipsum.Phasellus@etlibero.edu','14a8dc6c9e4b8f6e3228576bec334cb78179668e',NULL,5,NULL,1,NULL),(14,'8269839','Ronan','Peter',NULL,'Aliquam.ultrices.iaculis@acnullaIn.net','14a8dc6c9e4b8f6e3228576bec334cb78179668e',NULL,5,NULL,1,2),(15,'6264021','Jordan','Grant',NULL,'non.lacinia@Maecenasornareegestas.org','14a8dc6c9e4b8f6e3228576bec334cb78179668e',NULL,6,NULL,1,2);
INSERT INTO tbl_usuario_perfil (id, usuario_id, perfil_id) VALUES (3,3,3),(6,4,3),(7,5,3),(8,6,4),(9,7,4),(10,8,4),(11,9,4),(12,10,4),(13,11,4),(14,12,4),(15,13,4),(16,14,4),(17,15,4);

INSERT INTO tbl_proyecto (id, pro_nombre, pro_descripcion, pro_problema, pro_fecha_creacion, pro_conclusiones, pro_demostraciones, pro_recomendaciones, pro_estado, estado_proyecto_id, tipo_investigacion_id, linea_investigacion_id, usuario_id)
VALUES (1,'Proyecto SGII','Sistema de gestión de instrumentos de investigación en una herramienta para el apollo de los procesos de investigación permitiendo la creación, administración y posterior participación en instrumentos de investigación como los cuestionarios.',NULL,'2013-11-17 18:20:17','Se puede concluir que el desarrollo del software para la gestión de proyectos de investigación es un prototipo que trae beneficios no sólo para la Institución Universitaria Panamericana Compensar sino también para instituciones externas, respecto al seguimiento de los proyectos de investigación gestionados por estudiantes y docentes de la misma.\r\n\r\nEl prototipo garantiza la confidencialidad, integridad, disponibilidad y accesibilidad de la información y se constituye como una herramienta importante para la elaboración y seguimiento de proyectos de Investigación.',NULL,NULL,1,1,1,1,1),
(2,'Proyecto de ejemplo 1','Lorem ipsum dolor sit amet, consectetur adipiscing elit. Nullam consectetur ultrices ligula, eget semper tortor laoreet vel. Integer semper lacus condimentum aliquet congue. Sed aliquam nibh sed blandit volutpat. Pellentesque vel ipsum nec dolor gravida gravida.','Lorem ipsum dolor sit amet, consectetur adipiscing elit. Nullam consectetur ultrices ligula, eget semper tortor laoreet vel. Integer semper lacus condimentum aliquet congue. Sed aliquam nibh sed blandit volutpat. Pellentesque vel ipsum nec dolor gravida gravida.','2013-11-17 18:25:41','Lorem ipsum dolor sit amet, consectetur adipiscing elit. Nullam consectetur ultrices ligula, eget semper tortor laoreet vel. Integer semper lacus condimentum aliquet congue. Sed aliquam nibh sed blandit volutpat. Pellentesque vel ipsum nec dolor gravida gravida.','Lorem ipsum dolor sit amet, consectetur adipiscing elit. Nullam consectetur ultrices ligula, eget semper tortor laoreet vel. Integer semper lacus condimentum aliquet congue. Sed aliquam nibh sed blandit volutpat. Pellentesque vel ipsum nec dolor gravida gravida.','Lorem ipsum dolor sit amet, consectetur adipiscing elit. Nullam consectetur ultrices ligula, eget semper tortor laoreet vel. Integer semper lacus condimentum aliquet congue. Sed aliquam nibh sed blandit volutpat. Pellentesque vel ipsum nec dolor gravida gravida.',1,4,1,1,1);

INSERT INTO tbl_usuario_proyecto (id, usuario_id, proyecto_id, usuario_proyecto_tipo) VALUES (1,1,1,'Investigador'),(2,5,1,'Asesor'),(3,3,1,'Investigador'),(4,4,1,'Investigador'),(5,2,1,'Investigador'),(6,1,2,'Investigador'),(7,2,2,'Investigador');

INSERT INTO tbl_herramienta (id, her_nombre_herramienta, her_fecha_inicio, her_fecha_fin, her_estado, tipo_herramienta_id, proyecto_id, usuario_id) VALUES
(1,'Cuestionario de ejemplo1',NULL,NULL,1,1,NULL,2),
(2,'Cuestionario sobre cultura general',NULL,NULL,1,1,1,1),
(3,'Cuestionario sobre gustos de comida','2013-11-01 00:00:00','2013-11-29 00:00:00',1,1,2,1);


INSERT INTO tbl_pregunta (id, pre_pregunta, pre_obligatoria, pre_estado, pre_orden, herramienta_id, tipo_pregunta_id) VALUES (1,'¿Cuál es la mejor epoca del año?',1,1,1,2,1),(2,'Cuantas estaciones tiene el año',1,1,2,2,4),(3,'de la siguiente lista seleccione los meses que tienen 31 días',1,1,3,2,3),(4,'¿Cual de las siguientes no es una estación?',1,1,0,2,2),(5,'¿Cuantos meses tiene una año?',1,1,0,2,2),(6,'¿Es usted vegetariano?',1,1,1,3,2),(7,'¿Cuál prefiere de estos platos?',1,1,2,3,2),(8,'Seleccione los dulces que más son de su agrado',1,1,3,3,3);
INSERT INTO tbl_respuesta (id, res_respuesta, res_peso, res_estado, pregunta_id) VALUES (5,'1',0,1,2),(6,'2',0,1,2),(7,'3',0,1,2),(8,'4',5,1,2),(13,'Enero',3,1,3),(14,'Febrero',0,1,3),(15,'Marzo',3,1,3),(16,'Abril',0,1,3),(17,'Otoño',0,1,4),(18,'Verano',0,1,4),(19,'Noviembre',5,1,4),(20,'Invierno',0,1,4),(21,'6',0,1,5),(22,'18',0,1,5),(23,'12',5,1,5),(24,'11',0,1,5),(27,'SI',0,1,6),(28,'NO',0,1,6),(29,'Bandeja paisa',0,1,7),(30,'Pechuga gratinada',0,1,7),(31,'Ajiaco',0,1,7),(32,'Arequipe',0,1,8),(33,'Cocholate',0,1,8),(34,'Helado',0,1,8),(35,'Caramelo',0,1,8);
INSERT INTO tbl_usuario_herramienta (id, herramienta_id, usuario_id, ush_fecha_activo_inicio, ush_fecha_activo_fin, ush_fecha_aplico, ush_aplico) VALUES (1,2,5,NULL,NULL,NULL,0),(2,2,7,NULL,NULL,'2013-11-17 18:39:13',1),(3,2,6,NULL,NULL,NULL,0),(4,2,15,NULL,NULL,NULL,0),(5,2,11,NULL,NULL,NULL,0),(6,2,10,NULL,NULL,'2013-11-17 18:40:01',1),(7,2,8,NULL,NULL,NULL,0),(8,2,3,NULL,NULL,NULL,0),(9,2,1,NULL,NULL,'2013-11-17 18:33:52',1),(10,2,4,NULL,NULL,NULL,0),(11,2,14,NULL,NULL,NULL,0),(12,2,2,NULL,NULL,'2013-11-17 18:37:01',1),(13,2,9,NULL,NULL,NULL,0),(14,2,13,NULL,NULL,NULL,0),(15,2,12,NULL,NULL,NULL,0),(16,3,5,NULL,NULL,NULL,0),(17,3,7,NULL,NULL,NULL,0),(18,3,6,NULL,NULL,NULL,0),(19,3,15,NULL,NULL,NULL,0),(20,3,11,NULL,NULL,NULL,0),(21,3,10,NULL,NULL,'2013-11-17 18:45:59',1),(22,3,8,NULL,NULL,NULL,0),(23,3,3,NULL,NULL,NULL,0),(24,3,1,NULL,NULL,'2013-11-17 18:46:12',1),(25,3,4,NULL,NULL,NULL,0),(26,3,14,NULL,NULL,NULL,0),(27,3,2,NULL,NULL,'2013-11-17 18:46:31',1),(28,3,9,NULL,NULL,NULL,0),(29,3,13,NULL,NULL,NULL,0),(30,3,12,NULL,NULL,NULL,0);
INSERT INTO tbl_respuesta_usuario (id, pregunta_id, usuario_id, rus_respuesta_textual, respuesta_id) VALUES (1,5,1,NULL,23),(2,4,1,NULL,19),(3,1,1,'Cierre de clases',NULL),(4,2,1,NULL,8),(5,3,1,NULL,13),(6,3,1,NULL,15),(7,5,2,NULL,23),(8,4,2,NULL,18),(9,1,2,'Navidad',NULL),(10,2,2,NULL,6),(11,3,2,NULL,13),(12,3,2,NULL,15),(13,5,7,NULL,22),(14,4,7,NULL,20),(15,1,7,'NInguna',NULL),(16,2,7,NULL,7),(17,3,7,NULL,14),(18,3,7,NULL,16),(19,5,10,NULL,23),(20,4,10,NULL,19),(21,1,10,'Ninguna',NULL),(22,2,10,NULL,8),(23,3,10,NULL,13),(24,3,10,NULL,15),(25,6,10,NULL,28),(26,7,10,NULL,29),(27,8,10,NULL,32),(28,8,10,NULL,33),(29,8,10,NULL,34),(30,8,10,NULL,35),(31,6,1,NULL,28),(32,7,1,NULL,30),(33,8,1,NULL,32),(34,8,1,NULL,33),(35,6,2,NULL,28),(36,7,2,NULL,31),(37,8,2,NULL,33),(38,8,2,NULL,34);






